
insert into parts values('ash blueprint', 50, 'high');
insert into parts values('ash chassis', 20, 'low');
insert into parts values('ash helmet', 30, 'low');
insert into parts values('ash systems', 50, 'high');
insert into endless values('ash blueprint', 'III', 'defense', 'C', 7.5, 'U');
insert into endless values('ash chassis', 'II', 'survival', 'C', 19.4, 'C');
insert into endless values('ash chassis', 'IV', 'survival', 'A', 25, 'C');
insert into endless values('ash systems', 'III', 'survival', 'C', 5.5, 'U');
insert into not_endless values('ash helmet', 'IV', 'sabotage', 15.5, 'C');

insert into parts values('saryn blueprint', 30, 'med');
insert into parts values('saryn chassis', 20, 'high');
insert into parts values('saryn helmet', 30, 'high');
insert into parts values('saryn systems', 50, 'low');
insert into not_endless values('saryn blueprint', 'III', 'exterminate', 5.6, 'U');
insert into not_endless values('saryn blueprint', 'IV', 'exterminate', 5.6, 'U');
insert into not_endless values('saryn systems', 'II', 'exterminate', 19.4, 'C');
insert into not_endless values('saryn helmet', 'I', 'mobile defense', 7.5, 'U');
insert into endless values('saryn chassis', 'III', 'survival', 'C', 5.5, 'U');

insert into parts values('braton blueprint', 20, 'low');
insert into parts values('braton barrel', 30, 'low');
insert into parts values('braton receiver', 30, 'low');
insert into parts values('braton stock', 20, 'low');
insert into not_endless values('braton blueprint', 'II', 'mobile defense', 19.4, 'C');
insert into endless values('braton blueprint', 'IV', 'survival', 'C', 14.3, 'C');
insert into endless values('braton barrel', 'III', 'defense', 'C', 7.5, 'C');
insert into endless values('braton barrel', 'IV', 'defense', 'B', 25, 'C');
insert into not_endless values('braton barrel', 'I', 'mobile defense', 25.8, 'C');
insert into endless values('braton receiver', 'III', 'defense', 'C', 7.5, 'U');
insert into endless values('braton receiver', 'IV', 'defense', 'B', 25, 'C');
insert into endless values('braton stock', 'II', 'defense', 'C', 20, 'C');
insert into endless values('braton stock', 'III', 'defense', 'C', 19.4, 'C');


insert into parts values('akbronco blueprint', 10, 'low');
insert into parts values('akbronco link', 30, 'low');

insert into parts values('ankyros blueprint', 20, 'low');
insert into parts values('ankyros blade', 50, 'high');
insert into parts values('ankyros gauntlet', 20, 'low');

insert into parts values('bo blueprint', 20, 'low');
insert into parts values('bo handle', 30, 'high');
insert into parts values('bo ornament', 10, 'low');

insert into parts values('boar blueprint', 20, 'high');
insert into parts values('boar barrel', 20, 'high');
insert into parts values('boar receiver', 10, 'low');
insert into parts values('boar stock', 20, 'med');

insert into parts values('boltor blueprint', 30, 'high');
insert into parts values('boltor barrel', 20, 'low');
insert into parts values('boltor receiver', 20, 'high');
insert into parts values('boltor stock', 10, 'low');

insert into parts values('bronco blueprint', 10, 'low');
insert into parts values('bronco barrel', 50, 'low');
insert into parts values('bronco receiver', 20, 'low');

insert into parts values('burston blueprint', 20, 'low');
insert into parts values('burston barrel', 20, 'low');
insert into parts values('burston receiver', 30, 'low');
insert into parts values('burston stock', 10, 'low');

insert into parts values('carrier blueprint', 20, 'low');
insert into parts values('carrier carapace', 50, 'med');
insert into parts values('carrier cerebrum', 50, 'high');
insert into parts values('carrier systems', 30, 'low');

insert into parts values('dakra blueprint', 20, 'high');
insert into parts values('dakra blade', 20, 'high');
insert into parts values('dakra handle', 10, 'high');

insert into parts values('dual kamas blueprint', 20, 'low');
insert into parts values('dual kamas blade', 50, 'med');
insert into parts values('dual kamas handle', 20, 'high');

insert into parts values('ember blueprint', 50, 'high');
insert into parts values('ember chassis', 10, 'high');
insert into parts values('ember helmet', 10, 'low');
insert into parts values('ember systems', 30, 'high');

insert into parts values('fang blueprint', 20, 'low');
insert into parts values('fang blade', 10, 'low');
insert into parts values('fang handle', 20, 'med');

insert into parts values('frost blueprint', 20, 'high');
insert into parts values('frost chassis', 10, 'high');
insert into parts values('frost helmet', 10, 'high');
insert into parts values('frost systems', 20, 'high');

insert into parts values('glaive blueprint', 50, 'high');
insert into parts values('glaive blade', 20, 'high');
insert into parts values('glaive disc', 20, 'med');

insert into parts values('hikou blueprint', 10, 'low');
insert into parts values('hikou pouch', 20, 'low');
insert into parts values('hikou stars', 20, 'low');

insert into parts values('kavasa blueprint', 30, 'low');
insert into parts values('kavasa band', 50, 'low');
insert into parts values('kavasa buckle', 50, 'high');

insert into parts values('latron blueprint', 10, 'high');
insert into parts values('latron barrel', 10, 'high');
insert into parts values('latron receiver', 10, 'med');
insert into parts values('latron stock', 10, 'low');

insert into parts values('lex blueprint', 10, 'low');
insert into parts values('lex barrel', 20, 'low');
insert into parts values('lex receiver', 30, 'low');

insert into parts values('loki blueprint', 30, 'low');
insert into parts values('loki chassis', 20, 'high');
insert into parts values('loki helmet', 30, 'low');
insert into parts values('loki systems', 50, 'high');

insert into parts values('mag blueprint', 10, 'med');
insert into parts values('mag chassis', 10, 'med');
insert into parts values('mag helmet', 20, 'high');
insert into parts values('mag systems', 20, 'high');

insert into parts values('nikana blueprint', 50, 'high');
insert into parts values('nikana blade', 50, 'high');
insert into parts values('nikana hilt', 30, 'high');

insert into parts values('nova blueprint', 10, 'low');
insert into parts values('nova chassis', 50, 'high');
insert into parts values('nova helmet', 20, 'low');
insert into parts values('nova systems', 50, 'high');

insert into parts values('nyx blueprint', 50, 'low');
insert into parts values('nyx chassis', 50, 'med');
insert into parts values('nyx helmet', 50, 'med');
insert into parts values('nyx systems', 50, 'low');

insert into parts values('odonata blueprint', 30, 'low');
insert into parts values('odonata harness', 30, 'low');
insert into parts values('odonata systems', 30, 'low');
insert into parts values('odonata wings', 30, 'med');

insert into parts values('orthos blueprint', 10, 'low');
insert into parts values('orthos blade', 10, 'low');
insert into parts values('orthos handle', 10, 'low');

insert into parts values('paris blueprint', 10, 'low');
insert into parts values('paris grip', 30, 'low');
insert into parts values('paris lower limb', 10, 'low');
insert into parts values('paris string', 10, 'low');
insert into parts values('paris upper limb', 10, 'med');

insert into parts values('reaper blueprint', 10, 'high');
insert into parts values('reaper blade', 20, 'high');
insert into parts values('reaper handle', 10, 'high');

insert into parts values('rhino blueprint', 50, 'high');
insert into parts values('rhino chassis', 10, 'high');
insert into parts values('rhino helmet', 20, 'high');
insert into parts values('rhino systems', 10, 'low');

insert into parts values('scindo blueprint', 50, 'med');
insert into parts values('scindo blade', 50, 'med');
insert into parts values('scindo handle', 30, 'low');

insert into parts values('sicarus blueprint', 20, 'med');
insert into parts values('sicarus barrel', 10, 'low');
insert into parts values('sicarus receiver', 50, 'high');

insert into parts values('soma blueprint', 10, 'low');
insert into parts values('soma barrel', 10, 'low');
insert into parts values('soma receiver', 30, 'high');
insert into parts values('soma stock', 50, 'med');

insert into parts values('spira blueprint', 10, 'med');
insert into parts values('spira blade', 20, 'high');
insert into parts values('spira pouch', 20, 'high');

insert into parts values('trinity blueprint', 30, 'med');
insert into parts values('trinity chassis', 30, 'low');
insert into parts values('trinity helmet', 30, 'high');
insert into parts values('trinity systems', 50, 'high');

insert into parts values('vasto blueprint', 50, 'med');
insert into parts values('vasto barrel', 10, 'low');
insert into parts values('vasto receiver', 30, 'low');

insert into parts values('vectis blueprint', 50, 'med');
insert into parts values('vectis barrel', 20, 'low');
insert into parts values('vectis receiver', 50, 'high');
insert into parts values('vectis stock', 50, 'high');

insert into parts values('volt blueprint', 30, 'low');
insert into parts values('volt chassis', 50, 'med');
insert into parts values('volt helmet', 20, 'low');
insert into parts values('volt systems', 30, 'high');

insert into parts values('wyrm blueprint', 50, 'high');
insert into parts values('wyrm carapace', 30, 'low');
insert into parts values('wyrm cerebrum', 30, 'high');
insert into parts values('wyrm systems', 30, 'med');

insert into parts values('vauban blueprint', 50, 'high');
insert into parts values('vauban chassis', 50, 'high');
insert into parts values('vauban helmet', 50, 'high');
insert into parts values('vauban systems', 50, 'high');

insert into parts values('akstiletto blueprint', 50, 'high');
insert into parts values('akstiletto barrel', 30, 'high');
insert into parts values('akstiletto receiver', 30, 'high');
insert into parts values('akstiletto link', 30, 'high');

insert into parts values('fragor blueprint', 30, 'high');
insert into parts values('fragor handle', 10, 'high');
insert into parts values('fragor head', 30, 'low');


insert into not_endless values('odonata blueprint', 'I', 'capture', 5.6, 'U');
insert into not_endless values('paris grip', 'I', 'capture', 5.6, 'U');
insert into not_endless values('paris string', 'I', 'capture', 25.8, 'C');
insert into not_endless values('lex receiver', 'I', 'capture', 25.8, 'C');

insert into not_endless values('orthos handle', 'II', 'capture', 14.3, 'U');
insert into not_endless values('paris string', 'II', 'capture', 14.3, 'U');
insert into not_endless values('orthos blade', 'II', 'capture', 14.3, 'U');
insert into not_endless values('volt blueprint', 'II', 'capture', 14.3, 'U');
insert into not_endless values('nyx blueprint', 'II', 'capture', 14.3, 'U');
insert into not_endless values('kavasa band', 'II', 'capture', 14.3, 'U');

insert into not_endless values('nikana hilt', 'III', 'capture', 5.6, 'U');
insert into not_endless values('spira pouch', 'III', 'capture', 5.6, 'U');
insert into not_endless values('akbronco link', 'III', 'capture', 5.6, 'U');
insert into not_endless values('dual kamas blade', 'III', 'capture', 25.8, 'C');
insert into not_endless values('burston barrel', 'III', 'capture', 25.8, 'C');
insert into not_endless values('lex barrel', 'III', 'capture', 25.8, 'C');

insert into not_endless values('nyx systems', 'IV', 'capture', 19.4, 'C');
insert into not_endless values('bronco receiver', 'IV', 'capture', 19.4, 'C');
insert into not_endless values('volt blueprint', 'IV', 'capture', 11.3, 'U');
insert into not_endless values('akbronco link', 'IV', 'capture', 19.4, 'C');

insert into endless values('vasto receiver', 'I', 'defense', 'C', 11.3, 'U');
insert into endless values('carrier systems', 'I', 'defense', 'C', 25.8, 'C');
insert into endless values('hikou stars', 'I', 'defense', 'C', 25.8, 'C');
insert into endless values('scindo handle', 'I', 'defense', 'C', 25.8, 'C');

insert into endless values('soma blueprint', 'II', 'defense', 'A', 20, 'U');
insert into endless values('orthos blade', 'II', 'defense', 'A', 20, 'U');
insert into endless values('burston stock', 'II', 'defense', 'B', 25, 'U');
insert into endless values('paris blueprint', 'II', 'defense', 'B', 25, 'U');
insert into endless values('fang handle', 'II', 'defense', 'C', 20, 'U');
insert into endless values('lex receiver', 'II', 'defense', 'C', 20, 'U');
insert into endless values('paris upper limb', 'II', 'defense', 'C', 20, 'U');
insert into endless values('fang blueprint', 'II', 'defense', 'C', 20, 'U');

insert into endless values('trinity chassis', 'III', 'defense', 'A', 25, 'C');
insert into endless values('lex blueprint', 'III', 'defense', 'B', 20, 'U');
insert into endless values('paris string', 'III', 'defense', 'B', 20, 'U');
insert into endless values('burston blueprint', 'III', 'defense', 'B', 20, 'U');
insert into endless values('nyx blueprint', 'III', 'defense', 'C', 19.4, 'C');
insert into endless values('fragor handle', 'III', 'defense', 'C', 19.4, 'C');

insert into endless values('lex blueprint', 'IV', 'defense', 'A', 20, 'U');
insert into endless values('orthos blueprint', 'IV', 'defense', 'A', 20, 'U');
insert into endless values('vectis barrel', 'IV', 'defense', 'A', 20, 'U');
insert into endless values('carrier systems', 'IV', 'defense', 'B', 25, 'C');
insert into endless values('akstiletto blueprint', 'IV', 'defense', 'C', 5.6, 'U');
insert into endless values('vauban chassis', 'IV', 'defense', 'C', 5.6, 'U');
insert into endless values('trinity blueprint', 'IV', 'defense', 'C', 5.6, 'U');
insert into endless values('odonata blueprint', 'IV', 'defense', 'C', 19.4, 'C');
insert into endless values('carrier carapace', 'IV', 'defense', 'C', 19.4, 'C');
insert into endless values('burston receiver', 'IV', 'defense', 'C', 19.4, 'C');
insert into endless values('hikou pouch', 'IV', 'defense', 'C', 19.4, 'C');

insert into not_endless values('scindo blueprint', 'I', 'exterminate', 7.5, 'U');
insert into not_endless values('fragor blueprint', 'I', 'exterminate', 7.5, 'U');
insert into not_endless values('burston stock', 'I', 'exterminate', 25.8, 'C');

insert into not_endless values('carrier cerebrum', 'II', 'exterminate', 7.5, 'U');
insert into not_endless values('volt systems', 'II', 'exterminate', 7.5, 'U');
insert into not_endless values('orthos blueprint', 'II', 'exterminate', 7.5, 'U');
insert into not_endless values('volt helmet', 'II', 'exterminate', 19.4, 'C');
insert into not_endless values('nova blueprint', 'II', 'exterminate', 19.4, 'C');

insert into not_endless values('nyx chassis', 'III', 'exterminate', 5.6, 'U');
insert into not_endless values('soma stock', 'III', 'exterminate', 5.6, 'U');
insert into not_endless values('nikana blueprint', 'III', 'exterminate', 5.6, 'U');
insert into not_endless values('vasto receiver', 'III', 'exterminate', 38.7, 'C');
insert into not_endless values('nyx systems', 'III', 'exterminate', 38.7, 'C');

insert into not_endless values('kavasa buckle', 'IV', 'exterminate', 5.6, 'U');
insert into not_endless values('vectis receiver', 'IV', 'exterminate', 5.6, 'U');
insert into not_endless values('odonata harness', 'IV', 'exterminate', 25.8, 'C');
insert into not_endless values('hikou pouch', 'IV', 'exterminate', 25.8, 'C');

insert into endless values('carrier blueprint', 'IV', 'interception', 'A', 25, 'U');
insert into endless values('akbronco blueprint', 'IV', 'interception', 'A', 25, 'U');
insert into endless values('kavasa blueprint', 'IV', 'interception', 'A', 25, 'U');
insert into endless values('vectis barrel', 'IV', 'interception', 'B', 25, 'U');
insert into endless values('hikou blueprint', 'IV', 'interception', 'B', 25, 'U');
insert into endless values('akstiletto barrel', 'IV', 'interception', 'C', 14.3, 'C');
insert into endless values('soma barrel', 'IV', 'interception', 'C', 14.3, 'C');
insert into endless values('fang handle', 'IV', 'interception', 'C', 14.3, 'C');
insert into endless values('lex receiver', 'IV', 'interception', 'C', 14.3, 'C');
insert into endless values('paris grip', 'IV', 'interception', 'C', 14.3, 'C');
insert into endless values('bronco barrel', 'IV', 'interception', 'C', 14.3, 'C');

insert into not_endless values('vectis blueprint', 'I', 'mobile defense', 7.5, 'U');

insert into not_endless values('burston blueprint', 'II', 'mobile defense', 19.4, 'C');
insert into not_endless values('vasto barrel', 'II', 'mobile defense', 19.4, 'C');
insert into not_endless values('spira blueprint', 'II', 'mobile defense', 19.4, 'C');
insert into not_endless values('nyx helmet', 'II', 'mobile defense', 11.3, 'U');
insert into not_endless values('vasto blueprint', 'II', 'mobile defense', 11.3, 'U');

insert into not_endless values('vectis stock', 'III', 'mobile defense', 11.3, 'U');
insert into not_endless values('trinity systems', 'III', 'mobile defense', 11.3, 'U');
insert into not_endless values('scindo blade', 'III', 'mobile defense', 11.3, 'U');
insert into not_endless values('spira blade', 'III', 'mobile defense', 11.3, 'U');
insert into not_endless values('soma barrel', 'III', 'mobile defense', 25.8, 'C');
insert into not_endless values('burston receiver', 'III', 'mobile defense', 25.8, 'C');

insert into not_endless values('carrier carapace', 'IV', 'mobile defense', 16.7, 'U');
insert into not_endless values('kavasa blueprint', 'IV', 'mobile defense', 16.7, 'U');
insert into not_endless values('vasto receiver', 'IV', 'mobile defense', 16.7, 'U');
insert into not_endless values('spira blueprint', 'IV', 'mobile defense', 16.7, 'U');

insert into not_endless values('scindo handle', 'I', 'sabotage', 11.3, 'U');
insert into not_endless values('odonata harness', 'I', 'sabotage', 11.3, 'U');
insert into not_endless values('hikou stars', 'I', 'sabotage', 19.4, 'C');
insert into not_endless values('nova blueprint', 'I', 'sabotage', 19.4, 'C');
insert into not_endless values('odonata systems', 'I', 'sabotage', 19.4, 'C');
insert into not_endless values('vasto barrel', 'I', 'sabotage', 19.4, 'C');

insert into not_endless values('nyx helmet', 'II', 'sabotage', 5.6, 'U');
insert into not_endless values('vauban helmet', 'II', 'sabotage', 5.6, 'U');
insert into not_endless values('volt chassis', 'II', 'sabotage', 5.6, 'U');
insert into not_endless values('trinity helmet', 'II', 'sabotage', 5.6, 'U');
insert into not_endless values('hikou blueprint', 'II', 'sabotage', 25.8, 'C');
insert into not_endless values('hikou pouch', 'II', 'sabotage', 25.8, 'C');
insert into not_endless values('bronco blueprint', 'II', 'sabotage', 25.8, 'C');

insert into not_endless values('nyx blueprint', 'III', 'sabotage', 25.3, 'C');
insert into not_endless values('soma barrel', 'III', 'sabotage', 25.3, 'C');
insert into not_endless values('scindo blade', 'III', 'sabotage', 5.5, 'U');
insert into not_endless values('nova helmet', 'III', 'sabotage', 5.5, 'U');
insert into not_endless values('bronco barrel', 'III', 'sabotage', 5.5, 'U');
insert into not_endless values('vauban blueprint', 'III', 'sabotage', 5.5, 'U');

insert into not_endless values('akstiletto receiver', 'IV', 'sabotage', 7.5, 'U');
insert into not_endless values('kavasa band', 'IV', 'sabotage', 7.5, 'U');
insert into not_endless values('nyx systems', 'IV', 'sabotage', 15.5, 'C');
insert into not_endless values('carrier systems', 'IV', 'sabotage', 15.5, 'C');
insert into not_endless values('fragor head', 'IV', 'sabotage', 15.5, 'C');
insert into not_endless values('nova helmet', 'IV', 'sabotage', 15.5, 'C');

insert into endless values('burston barrel', 'I', 'survival', 'A', 16.7, 'C');
insert into endless values('odonata systems', 'I', 'survival', 'A', 16.7, 'C');
insert into endless values('scindo handle', 'I', 'survival', 'C', 7.5, 'U');
insert into endless values('paris upper limb', 'I', 'survival', 'C', 7.5, 'U');
insert into endless values('volt systems', 'I', 'survival', 'C', 7.5, 'U');
insert into endless values('paris lower limb', 'I', 'survival', 'C', 25.8, 'C');
insert into endless values('burston stock', 'I', 'survival', 'C', 25.8, 'C');
insert into endless values('nova helmet', 'I', 'survival', 'C', 25.8, 'C');

insert into endless values('akbronco blueprint', 'II', 'survival', 'A', 20, 'C');
insert into endless values('paris lower limb', 'II', 'survival', 'A', 20, 'C');
insert into endless values('soma blueprint', 'II', 'survival', 'B', 20, 'U');
insert into endless values('fang blade', 'II', 'survival', 'B', 20, 'U');
insert into endless values('hikou blueprint', 'II', 'survival', 'B', 20, 'U');
insert into endless values('burston receiver', 'II', 'survival', 'C', 7.5, 'U');
insert into endless values('soma receiver', 'II', 'survival', 'C', 7.5, 'U');
insert into endless values('nikana blade', 'II', 'survival', 'C', 7.5, 'U');
insert into endless values('paris blueprint', 'II', 'survival', 'C', 19.4, 'C');
insert into endless values('bronco blueprint', 'II', 'survival', 'C', 19.4, 'C');
insert into endless values('trinity chassis', 'II', 'survival', 'C', 19.4, 'C');

insert into endless values('fang blueprint', 'III', 'survival', 'A', 20, 'U');
insert into endless values('fang blade', 'III', 'survival', 'A', 20, 'U');
insert into endless values('vectis barrel', 'III', 'survival', 'B', 20, 'U');
insert into endless values('lex barrel', 'III', 'survival', 'B', 20, 'U');
insert into endless values('volt helmet', 'III', 'survival', 'B', 20, 'U');
insert into endless values('nova chassis', 'III', 'survival', 'C', 5.5, 'U');
insert into endless values('vauban systems', 'III', 'survival', 'C', 5.5, 'U');
insert into endless values('lex blueprint', 'III', 'survival', 'C', 25.3, 'C');
insert into endless values('carrier blueprint', 'III', 'survival', 'C', 25.3, 'C');
insert into endless values('dual kamas blueprint', 'III', 'survival', 'C', 25.3, 'C');

insert into endless values('dual kamas blueprint', 'IV', 'survival', 'A', 25, 'C');
insert into endless values('orthos blueprint', 'IV', 'survival', 'B', 25, 'C');
insert into endless values('bronco receiver', 'IV', 'survival', 'B', 25, 'C');
insert into endless values('lex barrel', 'IV', 'survival', 'B', 25, 'C');
insert into endless values('akstiletto link', 'IV', 'survival', 'C', 14.3, 'U');
insert into endless values('odonata wings', 'IV', 'survival', 'C', 14.3, 'U');
insert into endless values('vasto blueprint', 'IV', 'survival', 'C', 14.3, 'U');

insert into endless values('burston barrel', 'derelict', 'survival', 'C', 19.4, 'C');
insert into endless values('nova systems', 'derelict', 'survival', 'C', 11.3, 'U');

insert into endless values('trinity blueprint', 'derelict', 'defense', 'C', 12.9, 'C');
insert into endless values('dual kamas handle', 'derelict', 'defense', 'C', 7.5, 'U');
insert into endless values('soma stock', 'derelict', 'defense', 'C', 7.5, 'U');


insert into towers values('I', 'exterminate', 0);
insert into towers values('II', 'exterminate', 0);
insert into towers values('III', 'exterminate', 0);
insert into towers values('IV', 'exterminate', 0);
insert into towers values('I', 'capture', 0);
insert into towers values('II', 'capture', 0);
insert into towers values('III', 'capture', 0);
insert into towers values('IV', 'capture', 0);
insert into towers values('I', 'mobile defense', 0);
insert into towers values('II', 'mobile defense', 0);
insert into towers values('III', 'mobile defense', 0);
insert into towers values('IV', 'mobile defense', 0);
insert into towers values('I', 'sabotage', 0);
insert into towers values('II', 'sabotage', 0);
insert into towers values('III', 'sabotage', 0);
insert into towers values('IV', 'sabotage', 0);
insert into towers values('I', 'survival', 1);
insert into towers values('II', 'survival', 1);
insert into towers values('III', 'survival', 1);
insert into towers values('IV', 'survival', 1);
insert into towers values('I', 'defense', 1);
insert into towers values('II', 'defense', 1);
insert into towers values('III', 'defense', 1);
insert into towers values('IV', 'defense', 1);
insert into towers values('IV', 'interception', 1);
insert into towers values('derelict', 'survival', 1);
insert into towers values('derelict', 'defense', 1);


insert into sets values('ash set', 'ash blueprint', 1);
insert into sets values('ash set', 'ash chassis', 1);
insert into sets values('ash set', 'ash helmet', 1);
insert into sets values('ash set', 'ash systems', 1);

insert into sets values('loki set', 'loki blueprint', 1);
insert into sets values('loki set', 'loki chassis', 1);
insert into sets values('loki set', 'loki helmet', 1);
insert into sets values('loki set', 'loki systems', 1);

insert into sets values('nova set', 'nova blueprint', 1);
insert into sets values('nova set', 'nova chassis', 1);
insert into sets values('nova set', 'nova helmet', 1);
insert into sets values('nova set', 'nova systems', 1);

insert into sets values('nyx set', 'nyx blueprint', 1);
insert into sets values('nyx set', 'nyx chassis', 1);
insert into sets values('nyx set', 'nyx helmet', 1);
insert into sets values('nyx set', 'nyx systems', 1);

insert into sets values('saryn set', 'saryn blueprint', 1);
insert into sets values('saryn set', 'saryn chassis', 1);
insert into sets values('saryn set', 'saryn helmet', 1);
insert into sets values('saryn set', 'saryn systems', 1);

insert into sets values('trinity set', 'trinity blueprint', 1);
insert into sets values('trinity set', 'trinity chassis', 1);
insert into sets values('trinity set', 'trinity helmet', 1);
insert into sets values('trinity set', 'trinity systems', 1);

insert into sets values('volt set', 'volt blueprint', 1);
insert into sets values('volt set', 'volt chassis', 1);
insert into sets values('volt set', 'volt helmet', 1);
insert into sets values('volt set', 'volt systems', 1);

insert into sets values('frost set', 'frost blueprint', 1);
insert into sets values('frost set', 'frost carapace', 1);
insert into sets values('frost set', 'frost cerebrum', 1);
insert into sets values('frost set', 'frost systems', 1);

insert into sets values('ember set', 'ember blueprint', 1);
insert into sets values('ember set', 'ember carapace', 1);
insert into sets values('ember set', 'ember cerebrum', 1);
insert into sets values('ember set', 'ember systems', 1);

insert into sets values('mag set', 'mag blueprint', 1);
insert into sets values('mag set', 'mag carapace', 1);
insert into sets values('mag set', 'mag cerebrum', 1);
insert into sets values('mag set', 'mag systems', 1);

insert into sets values('vauban set', 'vauban blueprint', 1);
insert into sets values('vauban set', 'vauban chassis', 1);
insert into sets values('vauban set', 'vauban helmet', 1);
insert into sets values('vauban set', 'vauban systems', 1);

insert into sets values('rhino set', 'rhino blueprint', 1);
insert into sets values('rhino set', 'rhino carapace', 1);
insert into sets values('rhino set', 'rhino cerebrum', 1);
insert into sets values('rhino set', 'rhino systems', 1);

insert into sets values('carrier set', 'carrier blueprint', 1);
insert into sets values('carrier set', 'carrier carapace', 1);
insert into sets values('carrier set', 'carrier cerebrum', 1);
insert into sets values('carrier set', 'carrier systems', 1);

insert into sets values('wyrm set', 'wyrm blueprint', 1);
insert into sets values('wyrm set', 'wyrm carapace', 1);
insert into sets values('wyrm set', 'wyrm cerebrum', 1);
insert into sets values('wyrm set', 'wyrm systems', 1);

insert into sets values('kavasa set', 'kavasa blueprint', 1);
insert into sets values('kavasa set', 'kavasa band', 1);
insert into sets values('kavasa set', 'kavasa buckle', 1);

insert into sets values('odonata set', 'odonata blueprint', 1);
insert into sets values('odonata set', 'odonata wings', 1);
insert into sets values('odonata set', 'odonata harness', 1);
insert into sets values('odonata set', 'odonata systems', 1);

insert into sets values('braton set', 'braton blueprint', 1);
insert into sets values('braton set', 'braton barrel', 1);
insert into sets values('braton set', 'braton receiver', 1);
insert into sets values('braton set', 'braton stock', 1);

insert into sets values('burston set', 'burston blueprint', 1);
insert into sets values('burston set', 'burston barrel', 1);
insert into sets values('burston set', 'burston receiver', 1);
insert into sets values('burston set', 'burston stock', 1);

insert into sets values('soma set', 'soma blueprint', 1);
insert into sets values('soma set', 'soma barrel', 1);
insert into sets values('soma set', 'soma receiver', 1);
insert into sets values('soma set', 'soma stock', 1);

insert into sets values('vectis set', 'vectis blueprint', 1);
insert into sets values('vectis set', 'vectis barrel', 1);
insert into sets values('vectis set', 'vectis receiver', 1);
insert into sets values('vectis set', 'vectis stock', 1);

insert into sets values('boar set', 'boar blueprint', 1);
insert into sets values('boar set', 'boar barrel', 1);
insert into sets values('boar set', 'boar receiver', 1);
insert into sets values('boar set', 'boar stock', 1);

insert into sets values('boltor set', 'boltor blueprint', 1);
insert into sets values('boltor set', 'boltor barrel', 1);
insert into sets values('boltor set', 'boltor receiver', 1);
insert into sets values('boltor set', 'boltor stock', 1);

insert into sets values('latron set', 'latron blueprint', 1);
insert into sets values('latron set', 'latron barrel', 1);
insert into sets values('latron set', 'latron receiver', 1);
insert into sets values('latron set', 'latron stock', 1);

insert into sets values('paris set', 'paris blueprint', 1);
insert into sets values('paris set', 'paris grip', 1);
insert into sets values('paris set', 'paris string', 1);
insert into sets values('paris set', 'paris upper limb', 1);
insert into sets values('paris set', 'paris lower limb', 1);

insert into sets values('bronco set', 'bronco blueprint', 1);
insert into sets values('bronco set', 'bronco barrel', 1);
insert into sets values('bronco set', 'bronco receiver', 1);

insert into sets values('lex set', 'lex blueprint', 1);
insert into sets values('lex set', 'lex barrel', 1);
insert into sets values('lex set', 'lex receiver', 1);

insert into sets values('sicarus set', 'sicarus blueprint', 1);
insert into sets values('sicarus set', 'sicarus barrel', 1);
insert into sets values('sicarus set', 'sicarus receiver', 1);

insert into sets values('vasto set', 'vasto blueprint', 1);
insert into sets values('vasto set', 'vasto barrel', 1);
insert into sets values('vasto set', 'vasto receiver', 1);

insert into sets values('spira set', 'spira blueprint', 1);
insert into sets values('spira set', 'spira pouch', 2);
insert into sets values('spira set', 'spira blade', 2);

insert into sets values('hikou set', 'hikou blueprint', 1);
insert into sets values('hikou set', 'hikou pouch', 2);
insert into sets values('hikou set', 'hikou stars', 2);

insert into sets values('akstiletto set', 'akstiletto blueprint', 1);
insert into sets values('akstiletto set', 'akstiletto barrel', 2);
insert into sets values('akstiletto set', 'akstiletto receiver', 2);
insert into sets values('akstiletto set', 'akstiletto link', 1);

insert into sets values('akbronco set', 'akbronco blueprint', 1);
insert into sets values('akbronco set', 'bronco barrel', 2);
insert into sets values('akbronco set', 'bronco receiver', 2);
insert into sets values('akbronco set', 'bronco blueprint', 2);
insert into sets values('akbronco set', 'akbronco link', 1);

insert into sets values('ankyros set', 'ankyros blueprint', 1);
insert into sets values('ankyros set', 'ankyros blade', 2);
insert into sets values('ankyros set', 'ankyros gauntlet', 2);

insert into sets values('bo set', 'bo blueprint', 1);
insert into sets values('bo set', 'bo ornament', 2);
insert into sets values('bo set', 'bo handle', 1);

insert into sets values('dakra set', 'dakra blueprint', 1);
insert into sets values('dakra set', 'dakra blade', 1);
insert into sets values('dakra set', 'dakra handle', 1);

insert into sets values('nikana set', 'nikana blueprint', 1);
insert into sets values('nikana set', 'nikana blade', 1);
insert into sets values('nikana set', 'nikana hilt', 1);

insert into sets values('reaper set', 'reaper blueprint', 1);
insert into sets values('reaper set', 'reaper blade', 1);
insert into sets values('reaper set', 'reaper handle', 1);

insert into sets values('scindo set', 'scindo blueprint', 1);
insert into sets values('scindo set', 'scindo blade', 1);
insert into sets values('scindo set', 'scindo handle', 1);

insert into sets values('glaive set', 'glaive blueprint', 1);
insert into sets values('glaive set', 'glaive blade', 2);
insert into sets values('glaive set', 'glaive disc', 1);

insert into sets values('dual kamas set', 'dual kamas blueprint', 1);
insert into sets values('dual kamas set', 'dual kamas blade', 2);
insert into sets values('dual kamas set', 'dual kamas handle', 2);

insert into sets values('fang set', 'fang blueprint', 1);
insert into sets values('fang set', 'fang blade', 2);
insert into sets values('fang set', 'fang handle', 2);

insert into sets values('fragor set', 'fragor blueprint', 1);
insert into sets values('fragor set', 'fragor head', 1);
insert into sets values('fragor set', 'fragor handle', 1);

insert into sets values('orthos set', 'orthos blueprint', 1);
insert into sets values('orthos set', 'orthos blade', 2);
insert into sets values('orthos set', 'orthos handle', 1);

