
insert into parts values('ash blueprint', 50, 'high');
insert into parts values('ash chassis', 20, 'low');
insert into parts values('ash helmet', 30, 'low');
insert into parts values('ash systems', 50, 'high');
insert into endless values('ash blueprint', 'III', 'defense', 'C', 7.5, 'U');
insert into endless values('ash chassis', 'II', 'survival', 'C', 19.4, 'C');
insert into endless values('ash chassis', 'IV', 'survival', 'A', 25, 'C');
insert into endless values('ash systems', 'III', 'survival', 'C', 5.5, 'U');
insert into not_endless values('ash helmet', 'IV', 'sabotage', 15.5, 'C');

insert into parts values('saryn blueprint', 30, 'med');
insert into parts values('saryn chassis', 20, 'high');
insert into parts values('saryn helmet', 30, 'high');
insert into parts values('saryn systems', 50, 'low');
insert into not_endless values('saryn blueprint', 'III', 'exterminate', 5.6, 'U');
insert into not_endless values('saryn blueprint', 'IV', 'exterminate', 5.6, 'U');
insert into not_endless values('saryn systems', 'II', 'exterminate', 19.4, 'C');
insert into not_endless values('saryn helmet', 'I', 'mobile defense', 7.5, 'U');
insert into endless values('saryn chassis', 'III', 'survival', 'C', 5.5, 'U');

insert into parts values('braton blueprint', 20, 'low');
insert into parts values('braton barrel', 30, 'low');
insert into parts values('braton receiver', 30, 'low');
insert into parts values('braton stock', 20, 'low');
insert into not_endless values('braton blueprint', 'II', 'mobile defense', 19.4, 'C');
insert into endless values('braton blueprint', 'IV', 'survival', 'C', 14.3, 'C');
insert into endless values('braton barrel', 'III', 'defense', 'C', 7.5, 'C');
insert into endless values('braton barrel', 'IV', 'defense', 'B', 25, 'C');
insert into not_endless values('braton barrel', 'I', 'mobile defense', 25.8, 'C');
insert into endless values('braton receiver', 'III', 'defense', 'C', 7.5, 'U');
insert into endless values('braton receiver', 'IV', 'defense', 'B', 25, 'C');
insert into endless values('braton stock', 'II', 'defense', 'C', 20, 'C');
insert into endless values('braton stock', 'III', 'defense', 'C', 19.4, 'C');


insert into towers values('I', 'exterminate', 0);
insert into towers values('II', 'exterminate', 0);
insert into towers values('III', 'exterminate', 0);
insert into towers values('IV', 'exterminate', 0);
insert into towers values('I', 'capture', 0);
insert into towers values('II', 'capture', 0);
insert into towers values('III', 'capture', 0);
insert into towers values('IV', 'capture', 0);
insert into towers values('I', 'mobile defense', 0);
insert into towers values('II', 'mobile defense', 0);
insert into towers values('III', 'mobile defense', 0);
insert into towers values('IV', 'mobile defense', 0);
insert into towers values('I', 'sabotage', 0);
insert into towers values('II', 'sabotage', 0);
insert into towers values('III', 'sabotage', 0);
insert into towers values('IV', 'sabotage', 0);
insert into towers values('I', 'survival', 1);
insert into towers values('II', 'survival', 1);
insert into towers values('III', 'survival', 1);
insert into towers values('IV', 'survival', 1);
insert into towers values('I', 'defense', 1);
insert into towers values('II', 'defense', 1);
insert into towers values('III', 'defense', 1);
insert into towers values('IV', 'defense', 1);
insert into towers values('IV', 'interception', 1);
insert into towers values('derelict', 'survival', 1);
insert into towers values('derelict', 'defense', 1);
